API,Count
chrome.tabs.create, 4125
chrome.extension.getURL, 2953
chrome.tabs.query, 2658
chrome.runtime.onMessage, 2477
chrome.runtime.sendMessage, 2198
chrome.tabs.onUpdated, 2121
chrome.tabs.executeScript, 2093
chrome.browserAction.onClicked, 2058
chrome.tabs.update, 2024
chrome.tabs.sendMessage, 1829
chrome.i18n.getMessage, 1755
chrome.extension.getBackgroundPage, 1686
chrome.storage.local, 1511
chrome.browserAction.setBadgeText, 1502
chrome.storage.sync, 1476
chrome.contextMenus.create, 1467
chrome.runtime.onInstalled, 1446
chrome.tabs.getSelected, 1439
chrome.browserAction.setIcon, 1432
chrome.extension.sendMessage, 1197
chrome.extension.onRequest, 1196
chrome.extension.onMessage, 1132
chrome.extension.sendRequest, 1088
chrome.runtime.getManifest, 1042
chrome.tabs.remove, 1006
chrome.tabs.get, 958
chrome.tabs.onRemoved, 936
chrome.windows.create, 928
chrome.notifications.create, 919
chrome.browserAction.setBadgeBackgroundColor, 909
chrome.runtime.lastError, 856
chrome.app.getDetails, 743
chrome.pageAction.show, 738
chrome.windows.getAll, 697
chrome.browserAction.setTitle, 682
chrome.tabs.onCreated, 680
chrome.tabs.onActivated, 680
chrome.runtime.id, 621
chrome.webRequest.onBeforeRequest, 573
chrome.windows.update, 561
chrome.notifications.onClicked, 495
chrome.runtime.onConnect, 485
chrome.notifications.clear, 483
chrome.windows.getCurrent, 479
chrome.tabs.getAllInWindow, 463
chrome.storage.onChanged, 453
chrome.management.getAll, 450
chrome.runtime.connect, 446
chrome.tabs.sendRequest, 438
chrome.tabs.reload, 413
chrome.contextMenus.removeAll, 377
chrome.tabs.captureVisibleTab, 375
chrome.contextMenus.onClicked, 373
chrome.cookies.get, 365
chrome.browserAction.setPopup, 364
chrome.windows.onFocusChanged, 362
chrome.extension.connect, 362
chrome.tabs.getCurrent, 348
chrome.extension.getViews, 347
chrome.tabs.insertCSS, 344
chrome.cookies.set, 332
chrome.extension.onConnect, 331
chrome.runtime.getURL, 326
chrome.cookies.getAll, 309
chrome.alarms.onAlarm, 309
chrome.notifications.onButtonClicked, 305
chrome.alarms.create, 303
chrome.windows.onRemoved, 298
chrome.webRequest.onHeadersReceived, 295
chrome.runtime.setUninstallURL, 292
chrome.windows.remove, 290
chrome.pageAction.onClicked, 287
chrome.history.search, 287
chrome.windows.get, 272
chrome.omnibox.onInputEntered, 271
chrome.bookmarks.getTree, 257
chrome.topSites.get, 256
chrome.pageAction.setIcon, 256
chrome.runtime.onMessageExternal, 252
chrome.commands.onCommand, 246
chrome.runtime.getBackgroundPage, 242
chrome.webRequest.onBeforeSendHeaders, 236
chrome.runtime.onStartup, 233
chrome.tabs.onReplaced, 231
chrome.management.launchApp, 227
chrome.windows.WINDOW_ID_CURRENT, 222
chrome.runtime.reload, 221
chrome.webNavigation.onBeforeNavigate, 216
chrome.webRequest.onCompleted, 205
chrome.webRequest.onErrorOccurred, 203
chrome.contextMenus.remove, 202
chrome.omnibox.onInputChanged, 200
chrome.downloads.download, 194
chrome.notifications.onClosed, 191
chrome.permissions.request, 183
chrome.contextMenus.update, 174
chrome.tabs.onSelectionChanged, 172
chrome.webNavigation.onCommitted, 170
chrome.pageAction.setTitle, 170
chrome.pageAction.hide, 160
chrome.webNavigation.onCompleted, 158
chrome.cookies.remove, 158
chrome.webRequest.onBeforeRedirect, 152
chrome.management.setEnabled, 145
chrome.windows.WINDOW_ID_NONE, 141
chrome.i18n.getAcceptLanguages, 134
chrome.omnibox.setDefaultSuggestion, 129
chrome.webNavigation.onDOMContentLoaded, 126
chrome.bookmarks.create, 125
chrome.windows.getLastFocused, 122
chrome.management.uninstall, 117
chrome.tabs.onActiveChanged, 116
chrome.permissions.remove, 115
chrome.extension.onRequestExternal, 114
chrome.webNavigation.onCreatedNavigationTarget, 107
chrome.extension.lastError, 106
chrome.identity.getAuthToken, 103
chrome.windows.onCreated, 98
chrome.tabs.connect, 98
chrome.permissions.contains, 98
chrome.bookmarks.remove, 98
chrome.downloads.search, 97
chrome.runtime.sendNativeMessage, 95
chrome.downloads.onChanged, 95
chrome.runtime.openOptionsPage, 92
chrome.webNavigation.onErrorOccurred, 91
chrome.tabs.move, 90
chrome.runtime.onUpdateAvailable, 87
chrome.alarms.clear, 85
chrome.webRequest.onAuthRequired, 83
chrome.management.uninstallSelf, 83
chrome.runtime.onSuspend, 82
chrome.pageAction.setPopup, 80
chrome.bookmarks.search, 80
chrome.webRequest.onResponseStarted, 77
chrome.webNavigation.onHistoryStateUpdated, 77
chrome.management.getSelf, 77
chrome.bookmarks.getChildren, 77
chrome.devtools.panels, 76
chrome.tabs.onAttached, 75
chrome.browserAction.getBadgeText, 75
chrome.management.get, 73
chrome.webRequest.onSendHeaders, 71
chrome.runtime.requestUpdateCheck, 71
chrome.i18n.getUILanguage, 71
chrome.declarativeContent.onPageChanged, 71
chrome.declarativeContent.ShowPageAction, 71
chrome.declarativeContent.PageStateMatcher, 71
chrome.idle.onStateChanged, 69
chrome.runtime.getPlatformInfo, 68
chrome.googlecode.com, 68
chrome.app.runtime, 67
chrome.webNavigation.onTabReplaced, 66
chrome.proxy.settings, 66
chrome.cookies.onChanged, 66
chrome.browserAction.disable, 65
chrome.identity.launchWebAuthFlow, 63
chrome.extension.lastId, 63
chrome.extension.callbacks, 63
chrome.bookmarks.onCreated, 63
chrome.bookmarks.onRemoved, 61
chrome.omnibox.onInputStarted, 60
chrome.omnibox.onInputCancelled, 60
chrome.bookmarks.removeTree, 59
chrome.identity.removeCachedAuthToken, 58
chrome.bookmarks.get, 58
chrome.management.onUninstalled, 57
chrome.desktopCapture.chooseDesktopMedia, 56
chrome.browserAction.enable, 56
chrome.bookmarks.update, 56
chrome.tabs.onDetached, 55
chrome.management.onInstalled, 54
chrome.gcm.register, 53
chrome.devtools.inspectedWindow, 53
chrome.gcm.onMessage, 52
chrome.tabs.onHighlighted, 51
chrome.notifications.update, 50
chrome.bookmarks.move, 50
chrome.tts.speak, 49
chrome.runtime.connectNative, 49
chrome.alarms.clearAll, 49
chrome.idle.queryState, 48
chrome.bookmarks.onChanged, 48
chrome.tabs.onMoved, 45
chrome.runtime.onConnectExternal, 45
chrome.bookmarks.getSubTree, 44
chrome.management.onEnabled, 43
chrome.app.window, 43
chrome.notifications.getAll, 42
chrome.history.getVisits, 42
chrome.management.onDisabled, 41
chrome.history.deleteUrl, 41
chrome.extension.inIncognitoContext, 41
chrome.tabs.highlight, 40
chrome.browsingData.remove, 39
chrome.alarms.getAll, 39
chrome.idle.setDetectionInterval, 36
chrome.extension.onMessageExternal, 35
chrome.alarms.get, 35
chrome.webRequest.handlerBehaviorChanged, 34
chrome.history.onVisited, 34
chrome.bookmarks.onMoved, 34
chrome.extension.isAllowedIncognitoAccess, 31
chrome.identity.getProfileUserInfo, 30
chrome.tts.stop, 28
chrome.bookmarks.getRecent, 28
chrome.webNavigation.onReferenceFragmentUpdated, 27
chrome.tabs.detectLanguage, 25
chrome.proxy.onProxyError, 25
chrome.commands.getAll, 25
chrome.tabs.hasOwnProperty, 23
chrome.tabs.cr_tabs_TabSelectionChanged_listeners_added, 23
chrome.tabs.cr_tabs_TabCreated_listeners_added, 23
chrome.tabs.cr_tabs_TabClosed_listeners_added, 23
chrome.identity.getRedirectURL, 22
chrome.bookmarks.onChildrenReordered, 22
chrome.pageCapture.saveAsMHTML, 21
chrome.extension.isAllowedFileSchemeAccess, 21
chrome.downloads.cancel, 21
chrome.devtools.network, 21
chrome.bookmarks.onImportEnded, 21
chrome.notifications.getPermissionLevel, 20
chrome.downloads.onCreated, 20
chrome.downloads.erase, 20
chrome.desktopCapture.cancelChooseDesktopMedia, 20
chrome.tts.getVoices, 19
chrome.sessions.restore, 19
chrome.sessions.getRecentlyClosed, 19
chrome.downloads.open, 19
chrome.downloads.onDeterminingFilename, 19
chrome.browserAction.getPopup, 19
chrome.webNavigation.getAllFrames, 18
chrome.history.deleteAll, 18
chrome.tabs.duplicate, 17
chrome.manifest.version, 17
chrome.manifest.content_scripts, 17
chrome.identity.onSignInChanged, 17
chrome.browsingData.removeHistory, 17
chrome.storage.managed, 16
chrome.browsingData.removeDownloads, 16
chrome.tabCapture.capture, 15
chrome.runtime.error, 15
chrome.history.addUrl, 15
chrome.downloads.show, 15
chrome.browsingData.removeCookies, 15
chrome.browsingData.removeCache, 15
chrome.permissions.getAll, 14
chrome.downloads.setShelfEnabled, 14
chrome.permissions.onAdded, 13
chrome.history.onVisitRemoved, 13
chrome.history.deleteRange, 13
chrome.gcm.unregister, 13
chrome.downloads.removeFile, 13
chrome.browserAction.getTitle, 13
chrome.tabs.getZoom, 12
chrome.runtime.onSuspendCanceled, 12
chrome.privacy.network, 12
chrome.downloads.showDefaultFolder, 12
chrome.d.ts, 12
chrome.contentSettings.javascript, 12
chrome.tts.isSpeaking, 11
chrome.tabs.setZoom, 11
chrome.runtime.onUninstalled, 11
chrome.privacy.websites, 11
chrome.power.requestKeepAwake, 11
chrome.i18n._getL10nData, 11
chrome.downloads.pause, 11
chrome.privacy.services, 10
chrome.i18n._setL10nData, 10
chrome.extension.setUpdateUrlData, 10
chrome.extension.onClicked, 10
chrome.downloads.resume, 10
chrome.downloads.getFileIcon, 10
chrome.downloads.acceptDanger, 10
chrome.system.memory, 9
chrome.system.display, 9
chrome.runtime.setUninstallUrl, 9
chrome.notifications.onShowSettings, 9
chrome.experimental.cookies, 9
chrome.webstore.install, 8
chrome.system.cpu, 8
chrome.runtime.getPackageDirectoryEntry, 8
chrome.power.releaseKeepAwake, 8
chrome.pageAction.getTitle, 8
chrome.i18n.strings, 8
chrome.extension.onConnectExternal, 8
chrome.contentSettings.cookies, 8
chrome.browserAction.show, 8
chrome.tabs.executeScriptInFrame, 7
chrome.tabs.captureAllTab, 7
chrome.settings.set, 7
chrome.settings.has, 7
chrome.settings.get, 7
chrome.sessions.onChanged, 7
chrome.sessions.getDevices, 7
chrome.runtime.lasterror, 7
chrome.fontSettings.getFontList, 7
chrome.extension.settings, 7
chrome.debugger.sendCommand, 7
chrome.debugger.onEvent, 7
chrome.contentSettings.images, 7
chrome.benchmarking.isSingleProcess, 7
chrome.benchmarking.enableSpdy, 7
chrome.benchmarking.counter, 7
chrome.benchmarking.closeConnections, 7
chrome.benchmarking.clearCache, 7
chrome.webNavigation.getFrame, 6
chrome.notifications.onPermissionLevelChanged, 6
chrome.gcm.send, 6
chrome.extension.value_, 6
chrome.extension.parseManifest, 6
chrome.downloads.drag, 6
chrome.declarativeWebRequest.onRequest, 6
chrome.debugger.attach, 6
chrome.cookies.getAllCookieStores, 6
chrome.bookmarks.onImportBegan, 6
chrome.appspot.com, 6
chrome.storage.set, 5
chrome.runtime.hasOwnProperty, 5
chrome.permissions.onRemoved, 5
chrome.i18n.getDefaultLocale, 5
chrome.extension.getVersion, 5
chrome.extension.getName, 5
chrome.extension.connectNative, 5
chrome.downloads.onErased, 5
chrome.declarativeWebRequest.RequestMatcher, 5
chrome.debugger.detach, 5
chrome.contentSettings.popups, 5
chrome.browserAction.hide, 5
chrome.widget.onRequest, 4
chrome.webRequest.MAX_HANDLER_BEHAVIOR_CHANGED_CALLS_PER_10_MINUTES, 4
chrome.ttsEngine.onStop, 4
chrome.ttsEngine.onSpeak, 4
chrome.tabs.onZoomChange, 4
chrome.system.storage, 4
chrome.settings.unset, 4
chrome.runtime.onRestartRequired, 4
chrome.pushMessaging.getChannelId, 4
chrome.manifest.name, 4
chrome.i18n.process, 4
chrome.i18n.originalGetMessage, 4
chrome.fileBrowserHandler.onExecute, 4
chrome.experimental.processes, 4
chrome.experimental.identity, 4
chrome.cubiez.com, 4
chrome.cast.requestSession, 4
chrome.cast.media, 4
chrome.cast.initialize, 4
chrome.cast.SessionRequest, 4
chrome.cast.ApiConfig, 4
chrome._tabInfo.notice, 4
chrome._tabInfo.info, 4
chrome._tabInfo.gatherFrameInfo, 4
chrome.worker.setJSONparse, 3
chrome.web.store, 3
chrome.tts.resume, 3
chrome.tts.pause, 3
chrome.tabs.getZoomSettings, 3
chrome.tabCapture.onStatusChanged, 3
chrome.syncFileSystem.onServiceStatusChanged, 3
chrome.syncFileSystem.onFileStatusChanged, 3
chrome.streamsPrivate.onExecuteMimeTypeHandler, 3
chrome.sessions.MAX_SESSION_RESULTS, 3
chrome.runtime.Port, 3
chrome.pushMessaging.onMessage, 3
chrome.management.createAppShortcut, 3
chrome.extension.getInfo, 3
chrome.extension.getExtensionTabs, 3
chrome.extension.getExtensionID, 3
chrome.experimental.proxy, 3
chrome.experimental.infobars, 3
chrome.devtools.tabId, 3
chrome.contentSettings.plugins, 3
chrome.cast.extensionId, 3
chrome.cast.ReceiverAvailability, 3
chrome.browsingData.settings, 3
chrome.window.update, 2
chrome.window.setTimeout, 2
chrome.window.clearTimeout, 2
chrome.window.Firebug, 2
chrome.tabs.tab, 2
chrome.tabs.setZoomSettings, 2
chrome.tabs.on, 2
chrome.tabs.isCurrent, 2
chrome.tabs.W, 2
chrome.systemIndicator.onClicked, 2
chrome.systemIndicator.enable, 2
chrome.systemIndicator.disable, 2
chrome.suggestions.onRequest, 2
chrome.signedInDevices.onDeviceInfoChange, 2
chrome.signedInDevices.get, 2
chrome.settings.getBranch, 2
chrome.sessionRestore.getRecentlyClosed, 2
chrome.selectedPanel.sidePanelBar, 2
chrome.selectedPanel.options, 2
chrome.runtine.id, 2
chrome.runtime.onRequest, 2
chrome.runtime.onDisconnect, 2
chrome.processes.getProcessIdForTab, 2
chrome.node.focus, 2
chrome.node.closed, 2
chrome.min.js, 2
chrome.message.initialize, 2
chrome.manifest.update_hit_url, 2
chrome.manifest.tuid, 2
chrome.manifest.tbid, 2
chrome.manifest.first_hit_url, 2
chrome.manifest.default_ui_url_twitter, 2
chrome.manifest.default_ui_url_craigslist, 2
chrome.manifest.default_ui_url, 2
chrome.manifest.daily_hit_url, 2
chrome.management.getPermissionWarningsById, 2
chrome.inspectButton.restore, 2
chrome.inspectButton.changeState, 2
chrome.input.ime, 2
chrome.infobars.show, 2
chrome.history.getMostVisitedSites, 2
chrome.fileSystem.chooseEntry, 2
chrome.extension.version_, 2
chrome.extension.onConnectlistener, 2
chrome.extension.hasOwnProperty, 2
chrome.experimental.rlz, 2
chrome.experimental.popup, 2
chrome.experimental.metrics, 2
chrome.experimental.extension, 2
chrome.experimental.contextMenu, 2
chrome.experimental.clipboard, 2
chrome.experimental.clear, 2
chrome.experimental.browsingData, 2
chrome.document.getElementById, 2
chrome.document.createTextNode, 2
chrome.declarativeWebRequest.SetRequestHeader, 2
chrome.declarativeWebRequest.RedirectByRegEx, 2
chrome.declarativeWebRequest.IgnoreRules, 2
chrome.debugger.onDetach, 2
chrome.contextMenus.ACTION_MENU_TOP_LEVEL_LIMIT, 2
chrome.contextMenu.create, 2
chrome.cast.Volume, 2
chrome.cast.SessionStatus, 2
chrome.c4s.extension, 2
chrome.browserAction.openPopup, 2
chrome.browserAction._setIcon, 2
chrome.app.isInstalled, 2
chrome.wpdotcom.single, 1
chrome.withmya.com, 1
chrome.windows.onUpdated, 1
chrome.windows.Window, 1
chrome.windows.Tab, 1
chrome.window.create, 1
chrome.win.js, 1
chrome.widget.onUpdated, 1
chrome.webstorePrivate.launchEphemeralApp, 1
chrome.webstorePrivate.getIsLauncherEnabled, 1
chrome.webstorePrivate.getEphemeralAppsEnabled, 1
chrome.webstorePrivate.getBrowserLogin, 1
chrome.webstorePrivate.completeInstall, 1
chrome.webstorePrivate.beginInstallWithManifest3, 1
chrome.webkit.safari, 1
chrome.webRequest.onComplete, 1
chrome.webRequest.ResourceType, 1
chrome.webNavigator.getAllFrames, 1
chrome.wallpaper.setWallpaper, 1
chrome.vpnsecure.me, 1
chrome.virtualKeyboardPrivate.sendKeyEvent, 1
chrome.validate_token.call, 1
chrome.utils.timeutils, 1
chrome.utils.stringutils, 1
chrome.utils.sidekickGates, 1
chrome.utils.sidekickApi, 1
chrome.utils.matchers, 1
chrome.utils.includes, 1
chrome.utils.http, 1
chrome.utils.console, 1
chrome.uk.cloudcall, 1
chrome.trustafact.com, 1
chrome.topSites.getAsync, 1
chrome.toolstrip.expand, 1
chrome.tomizzi.com, 1
chrome.toggle_off.call, 1
chrome.toggle_icon.call, 1
chrome.toggle_all.call, 1
chrome.todoist.com, 1
chrome.thepara.de, 1
chrome.tabs.zoom, 1
chrome.tabs.url, 1
chrome.tabs.submit, 1
chrome.tabs.set, 1
chrome.tabs.sendmessage, 1
chrome.tabs.select, 1
chrome.tabs.open, 1
chrome.tabs.onUpdate, 1
chrome.tabs.onSele, 1
chrome.tabs.onRemoved_, 1
chrome.tabs.onHighlightChanged, 1
chrome.tabs.onFocusChanged, 1
chrome.tabs.onCreate, 1
chrome.tabs.insertCss, 1
chrome.tabs.getUpdated, 1
chrome.tabs.getSelectedTab, 1
chrome.tabs.getInfo, 1
chrome.tabs.excuteScript, 1
chrome.tabs.customBlockerOnUpdateSet, 1
chrome.tabs.current, 1
chrome.tabs.close, 1
chrome.tabs.TabStatus, 1
chrome.tabs.Tab, 1
chrome.tabs.OnUpdated, 1
chrome.tabs.OnRemoved, 1
chrome.tabCapture.getCapturedTabs, 1
chrome.tab.update, 1
chrome.tab.onReplace, 1
chrome.tab.create, 1
chrome.systemPrivate.onWokeUp, 1
chrome.systemPrivate.onVolumeChanged, 1
chrome.systemPrivate.onScreenUnlocked, 1
chrome.systemPrivate.onBrightnessChanged, 1
chrome.systemPrivate.getUpdateStatus, 1
chrome.systemIndicator.setIcon, 1
chrome.sync.set, 1
chrome.sync.get, 1
chrome.suggestions.send, 1
chrome.stylist.1, 1
chrome.stylist.0, 1
chrome.storge.local, 1
chrome.storage.lcoal, 1
chrome.storage.hasOwnProperty, 1
chrome.storage.getNSStorage, 1
chrome.storage.get, 1
chrome.storage.clearCache, 1
chrome.storage.clear, 1
chrome.storage.StorageArea, 1
chrome.storage.Last, 1
chrome.src.common_exp, 1
chrome.src.common, 1
chrome.someModule.aFunction, 1
chrome.sockets.tcpServer, 1
chrome.single.postid, 1
chrome.settings.hints, 1
chrome.settings.getDefault, 1
chrome.settings.extsort, 1
chrome.settings.dump, 1
chrome.settings.appsort, 1
chrome.set_token.call, 1
chrome.set_extension_icon.call, 1
chrome.set_extension_badge.call, 1
chrome.set_data_level.call, 1
chrome.sessions.hasOwnProperty, 1
chrome.sessions.getRecentlyClosedAsync, 1
chrome.sessions.getDevicesAsync, 1
chrome.session.MAX_SESSION_RESULTS, 1
chrome.servicesNotification.html, 1
chrome.send_feedback.call, 1
chrome.searchBox.paste, 1
chrome.runtme.sendMessage, 1
chrome.runtime.sendmessage, 1
chrome.runtime.port, 1
chrome.runtime.originalGetURL, 1
chrome.runtime.mock, 1
chrome.runtime.load, 1
chrome.runtime.lastErr, 1
chrome.runtime.getLastError, 1
chrome.runtime.executeScript, 1
chrome.runtime.chrome, 1
chrome.runtime.PlatformOs, 1
chrome.runtime.LastError, 1
chrome.runetime.lastError, 1
chrome.rf.sendMail, 1
chrome.register_listeners.call, 1
chrome.register.call, 1
chrome.qasymphony.qtestexplorer, 1
chrome.proxy.onError, 1
chrome.prototype.run, 1
chrome.prototype.models, 1
chrome.prototype.minimize, 1
chrome.prototype.maximize, 1
chrome.prototype.initialize, 1
chrome.prototype.appendToDOM, 1
chrome.processes.terminate, 1
chrome.processes.onUpdatedWithMemory, 1
chrome.processes.getProcessInfo, 1
chrome.privacy.IPHandlingPolicy, 1
chrome.printerProvider.onPrintRequested, 1
chrome.printerProvider.onGetPrintersRequested, 1
chrome.printerProvider.onGetCapabilityRequested, 1
chrome.popup.run, 1
chrome.popup.init, 1
chrome.poll.call, 1
chrome.platforms.web, 1
chrome.platforms.salesforce, 1
chrome.platforms.google, 1
chrome.pkg.js, 1
chrome.permissions.requestAsync, 1
chrome.permissions.removeAsync, 1
chrome.permissions.containsAsync, 1
chrome.pageAction.setBadgeText, 1
chrome.pageAction.getPopup, 1
chrome.p.storage, 1
chrome.p.permissions, 1
chrome.p.identity, 1
chrome.options.run, 1
chrome.options.html, 1
chrome.onDOMContentLoaded.addListener, 1
chrome.notifications.onUpdated, 1
chrome.notifications.onRequest, 1
chrome.notifications.hack, 1
chrome.notifications.funcao_onclosed, 1
chrome.notifications.funcao_onclicked, 1
chrome.notifications.TemplateType, 1
chrome.notification.startTimer, 1
chrome.notification.encode, 1
chrome.notification.decode, 1
chrome.notification.create, 1
chrome.notification.close, 1
chrome.new_token.call, 1
chrome.networkingPrivate.verifyDestination, 1
chrome.networkingPrivate.verifyAndEncryptData, 1
chrome.networkingPrivate.startDisconnect, 1
chrome.networkingPrivate.startConnect, 1
chrome.networkingPrivate.setWifiTDLSEnabledState, 1
chrome.networkingPrivate.requestNetworkScan, 1
chrome.networkingPrivate.onNetworksChanged, 1
chrome.networkingPrivate.onNetworkListChanged, 1
chrome.networkingPrivate.getProperties, 1
chrome.networkingPrivate.getNetworks, 1
chrome.native.message, 1
chrome.modals.SalesContentModal, 1
chrome.metricsPrivate.recordUserAction, 1
chrome.metricsPrivate.recordSparseValue, 1
chrome.metricsPrivate.recordPercentage, 1
chrome.metricsPrivate.recordCount, 1
chrome.methods.convertTextToJson, 1
chrome.methods.convertJsonToText, 1
chrome.methods.Request, 1
chrome.message.userStorageChanged, 1
chrome.message.updateMomentaryTopic, 1
chrome.message.topicsState, 1
chrome.message.topics, 1
chrome.message.topicFileChanged, 1
chrome.message.topicDeactivated, 1
chrome.message.topicCreated, 1
chrome.message.topicActivated, 1
chrome.message.toggleOnOff, 1
chrome.message.stopspeak, 1
chrome.message.speechRecognitionProgress, 1
chrome.message.speechRecognitionEnd, 1
chrome.message.speechRecognition, 1
chrome.message.speak, 1
chrome.message.settings, 1
chrome.message.setActiveTopics, 1
chrome.message.scheduleSpeak, 1
chrome.message.rewordify, 1
chrome.message.restartGuesses, 1
chrome.message.replaceText, 1
chrome.message.removePersonalWords, 1
chrome.message.reloadDictionaries, 1
chrome.message.recentTopics, 1
chrome.message.quickTopic, 1
chrome.message.ping, 1
chrome.message.onRemovePersonalWords, 1
chrome.message.onQuickTopic, 1
chrome.message.onAddPersonalWords, 1
chrome.message.ocr, 1
chrome.message.maxGuesses, 1
chrome.message.mainDictionary, 1
chrome.message.imeActivationChanged, 1
chrome.message.guessesAvailable, 1
chrome.message.guessSelected, 1
chrome.message.getTopicsState, 1
chrome.message.getTopics, 1
chrome.message.getRecentTopics, 1
chrome.message.getContextForMomentaryTopic, 1
chrome.message.getActiveTopics, 1
chrome.message.followTextChange, 1
chrome.message.engineReady, 1
chrome.message.enablePredictAhead, 1
chrome.message.enableMomentaryTopic, 1
chrome.message.enableGrammar, 1
chrome.message.enableFlexibleSpelling, 1
chrome.message.documentReady, 1
chrome.message.dictionariesReloaded, 1
chrome.message.deactivateTopic, 1
chrome.message.deactivate, 1
chrome.message.createWikiTopic, 1
chrome.message.createTopic, 1
chrome.message.createQuickTopic, 1
chrome.message.contextForMomentaryTopicAvailable, 1
chrome.message.contextAvailable, 1
chrome.message.changeUserStorage, 1
chrome.message.addPersonalWords, 1
chrome.message.activeTopicsSet, 1
chrome.message.activeTopics, 1
chrome.message.activateTopics, 1
chrome.message.activateTopic, 1
chrome.message.activate, 1
chrome.message.accumulateData, 1
chrome.message.acceptGuess, 1
chrome.meetin.gs, 1
chrome.mdns.onServiceList, 1
chrome.mdns.forceDiscovery, 1
chrome.manifest.inc, 1
chrome.manifest.homepage_url, 1
chrome.manifest.default_locale, 1
chrome.management.setLaunchType, 1
chrome.management.launchOption, 1
chrome.management.hasOwnProperty, 1
chrome.management.getSelfAsync, 1
chrome.management.getPermissionWarningsByManifest, 1
chrome.management.getAllAsync, 1
chrome.management.generateAppForLink, 1
chrome.logout.call, 1
chrome.log.call, 1
chrome.location.watchLocation, 1
chrome.location.onLocationUpdate, 1
chrome.local.sync, 1
chrome.local.storage, 1
chrome.loader.js, 1
chrome.load.init, 1
chrome.lb.beta, 1
chrome.lavasoft.com, 1
chrome.js.map, 1
chrome.instanceID.onTokenRefresh, 1
chrome.instanceID.getToken, 1
chrome.instanceID.getID, 1
chrome.instanceID.deleteToken, 1
chrome.incognito_tunnelling.call, 1
chrome.impl.url, 1
chrome.impl.manifest, 1
chrome.impl.init, 1
chrome.impl.id, 1
chrome.impl.del_listener, 1
chrome.impl.call_api, 1
chrome.impl.add_listener, 1
chrome.il8n.getMessage, 1
chrome.iframeWin.postMessage, 1
chrome.idle.deferExecution, 1
chrome.identity.removeCachedToken, 1
chrome.identity.removeAuthToken, 1
chrome.identity.identityInternalsRevokeToken, 1
chrome.i8n.getMessage, 1
chrome.i18n.setLocale, 1
chrome.i18n.safeGetMessage, 1
chrome.i18n.initElement, 1
chrome.i18n.initAll, 1
chrome.i18n.hasOwnProperty, 1
chrome.i18n.getExistingLocales, 1
chrome.i18n.detectLanguage, 1
chrome.host.mail3, 1
chrome.history.searchAsync, 1
chrome.history.VisitItem, 1
chrome.history.OnVisited, 1
chrome.history.HistoryItem, 1
chrome.herokuapp.com, 1
chrome.help.updateExtensionUrl, 1
chrome.hangoutsPrivate.onHangoutRequested, 1
chrome.h.m, 1
chrome.globals.saveSettings, 1
chrome.globals.resortData, 1
chrome.get_token.call, 1
chrome.gcm.onMessagesDeleted, 1
chrome.g.com, 1
chrome.foxsaver.com, 1
chrome.first_install_QMARK_.call, 1
chrome.firebaseio.com, 1
chrome.fileSystem.getDisplayPath, 1
chrome.fileBrowserHandle.onExecute, 1
chrome.features.webcam, 1
chrome.fa.sso, 1
chrome.fa.qa, 1
chrome.extension.tabs, 1
chrome.extension.start, 1
chrome.extension.sendNativeMessage, 1
chrome.extension.popup, 1
chrome.extension.name_, 1
chrome.extension.localStorage, 1
chrome.extension.id, 1
chrome.extension.getUrl, 1
chrome.extension.getToolstrips, 1
chrome.extension.getMessage, 1
chrome.extension.config, 1
chrome.extension.bnjahojpoacbilihlikppchnklabfmjp, 1
chrome.extension.audit, 1
chrome.extension.__sendRequestInternal, 1
chrome.extension.__getXHRMessage, 1
chrome.extension.ViewType, 1
chrome.extension.Port, 1
chrome.export.uploadMarks, 1
chrome.export.token, 1
chrome.experimental.webNavigation, 1
chrome.experimental.tts, 1
chrome.experimental.sidebar, 1
chrome.experimental.omnibox, 1
chrome.experimental.devtools, 1
chrome.experimental.debugger, 1
chrome.experimental.capture, 1
chrome.events.ACTION_CHANGED, 1
chrome.evaluate_timer.call, 1
chrome.embeddedSearch.newTabPage, 1
chrome.duckduckgo.com, 1
chrome.downloads.searchAsync, 1
chrome.downloads.resumeAsync, 1
chrome.downloads.pauseAsync, 1
chrome.downloads.getFileIconAsync, 1
chrome.downloads.eraseAsync, 1
chrome.downloads.downloadAsync, 1
chrome.downloads.cancelAsync, 1
chrome.docusign.net, 1
chrome.dial.onError, 1
chrome.dial.onDeviceList, 1
chrome.dial.discoverNow, 1
chrome.devtools.onUnsetBreakpoint, 1
chrome.devtools.onSetBreakpoint, 1
chrome.devtools.mock, 1
chrome.dev.pathfinder, 1
chrome.declarativeWebRequest.onMessage, 1
chrome.declarativeWebRequest.SendMessageToExtension, 1
chrome.declarativeWebRequest.RedirectToTransparentImage, 1
chrome.declarativeWebRequest.CancelRequest, 1
chrome.debugger.getTargets, 1
chrome.dataReductionProxy.spdyProxyEnabled, 1
chrome.dataReductionProxy.getDataUsage, 1
chrome.dataReductionProxy.dataUsageReportingEnabled, 1
chrome.dataReductionProxy.clearDataSavings, 1
chrome.ctrlbox.com, 1
chrome.create.tabs, 1
chrome.copresence.setApiKey, 1
chrome.copresence.onStatusUpdated, 1
chrome.copresence.onMessagesReceived, 1
chrome.copresence.execute, 1
chrome.cookies.OnChangedCause, 1
chrome.contextMenus.delete, 1
chrome.contentSettings.notifications, 1
chrome.contentSettings.CookiesContentSetting, 1
chrome.content.pinterest, 1
chrome.content.page, 1
chrome.content.meta, 1
chrome.content.general, 1
chrome.constants.pubnub, 1
chrome.constants.onboarding, 1
chrome.constants.notifications, 1
chrome.constants.messages, 1
chrome.constants.matchers, 1
chrome.constants.inboxSDK, 1
chrome.constants.cookieDescriptors, 1
chrome.constants.channel, 1
chrome.constants.bucky, 1
chrome.constants.apis, 1
chrome.compiled.json, 1
chrome.common.utils, 1
chrome.codewithmark.com, 1
chrome.cloudcall.com, 1
chrome.clipular.com, 1
chrome.chromeSetting.onChange, 1
chrome.chrome8.webkit, 1
chrome.chrome7.webkit, 1
chrome.cast.zc, 1
chrome.cast.zb, 1
chrome.cast.yb, 1
chrome.cast.xc, 1
chrome.cast.xb, 1
chrome.cast.wc, 1
chrome.cast.ve, 1
chrome.cast.vc, 1
chrome.cast.unescape, 1
chrome.cast.ue, 1
chrome.cast.ud, 1
chrome.cast.uc, 1
chrome.cast.ub, 1
chrome.cast.uL, 1
chrome.cast.timeout, 1
chrome.cast.te, 1
chrome.cast.td, 1
chrome.cast.tL, 1
chrome.cast.sz, 1
chrome.cast.streaming, 1
chrome.cast.setReceiverDisplayStatus, 1
chrome.cast.setCustomReceivers, 1
chrome.cast.sd, 1
chrome.cast.sb, 1
chrome.cast.rz, 1
chrome.cast.requestSessionById, 1
chrome.cast.removeReceiverActionListener, 1
chrome.cast.rd, 1
chrome.cast.rc, 1
chrome.cast.rb, 1
chrome.cast.qL, 1
chrome.cast.pa, 1
chrome.cast.na, 1
chrome.cast.mz, 1
chrome.cast.logMessage, 1
chrome.cast.le, 1
chrome.cast.ld, 1
chrome.cast.la, 1
chrome.cast.ke, 1
chrome.cast.kb, 1
chrome.cast.ka, 1
chrome.cast.je, 1
chrome.cast.jb, 1
chrome.cast.j, 1
chrome.cast.isTabBroadcast, 1
chrome.cast.isAvailable, 1
chrome.cast.ib, 1
chrome.cast.i, 1
chrome.cast.hb, 1
chrome.cast.gb, 1
chrome.cast.games, 1
chrome.cast.ga, 1
chrome.cast.gM, 1
chrome.cast.fM, 1
chrome.cast.es, 1
chrome.cast.ea, 1
chrome.cast.devicesPrivate, 1
chrome.cast.dd, 1
chrome.cast.da, 1
chrome.cast.channel, 1
chrome.cast.ca, 1
chrome.cast.bd, 1
chrome.cast.addReceiverActionListener, 1
chrome.cast.ad, 1
chrome.cast.ac, 1
chrome.cast.aa, 1
chrome.cast.a, 1
chrome.cast.Zb, 1
chrome.cast.YL, 1
chrome.cast.Y, 1
chrome.cast.Xc, 1
chrome.cast.Wc, 1
chrome.cast.Wa, 1
chrome.cast.Vc, 1
chrome.cast.Va, 1
chrome.cast.VERSION, 1
chrome.cast.Ua, 1
chrome.cast.Td, 1
chrome.cast.Ta, 1
chrome.cast.Session, 1
chrome.cast.SenderPlatform, 1
chrome.cast.SenderApplication, 1
chrome.cast.ReceiverType, 1
chrome.cast.ReceiverDisplayStatus, 1
chrome.cast.ReceiverAction, 1
chrome.cast.Receiver, 1
chrome.cast.Rd, 1
chrome.cast.Qd, 1
chrome.cast.Pb, 1
chrome.cast.Ob, 1
chrome.cast.Ng, 1
chrome.cast.Nb, 1
chrome.cast.MIRROR_APP_ID, 1
chrome.cast.M, 1
chrome.cast.Ka, 1
chrome.cast.K, 1
chrome.cast.Jb, 1
chrome.cast.Image, 1
chrome.cast.Ia, 1
chrome.cast.Ge, 1
chrome.cast.Fb, 1
chrome.cast.ErrorCode, 1
chrome.cast.Error, 1
chrome.cast.Ei, 1
chrome.cast.Ec, 1
chrome.cast.DialRequest, 1
chrome.cast.DialLaunchResponse, 1
chrome.cast.DialLaunchData, 1
chrome.cast.DialAppState, 1
chrome.cast.DefaultActionPolicy, 1
chrome.cast.D, 1
chrome.cast.Capability, 1
chrome.cast.Bn, 1
chrome.cast.AutoJoinPolicy, 1
chrome.cast.ApiBootstrap_, 1
chrome.cast.Ak, 1
chrome.cast.A, 1
chrome.callbacks.Url, 1
chrome.callbacks.Search, 1
chrome.callbacks.Save, 1
chrome.callbacks.Category, 1
chrome.c4s.windows, 1
chrome.c4s.tabs, 1
chrome.bucky.memoryLogger, 1
chrome.bucky.eventsManager, 1
chrome.bucky.client, 1
chrome.browsingData.removeWebSQL, 1
chrome.browsingData.removePluginData, 1
chrome.browsingData.removePasswords, 1
chrome.browsingData.removeLocalStorage, 1
chrome.browsingData.removeIndexedDB, 1
chrome.browsingData.removeFormData, 1
chrome.browsingData.removeFileSystems, 1
chrome.browsingData.removeAsync, 1
chrome.browsingData.removeAppcache, 1
chrome.browserAction.setIton, 1
chrome.browserAction.setBadgeTextColor, 1
chrome.browserAction.onclicked, 1
chrome.browserAction.img, 1
chrome.browserAction.html, 1
chrome.browserAction.getIconData, 1
chrome.browserAction.getBadgeBackgroundColor, 1
chrome.browserAction.a, 1
chrome.browser.openTab, 1
chrome.browser.joxi, 1
chrome.brand.name, 1
chrome.brailleDisplayPrivate.writeDots, 1
chrome.brailleDisplayPrivate.onKeyEvent, 1
chrome.brailleDisplayPrivate.onDisplayStateChanged, 1
chrome.brailleDisplayPrivate.getDisplayState, 1
chrome.bookmarks.import, 1
chrome.bookmarks.getRecentAsync, 1
chrome.bookmarks.getChildrenAsync, 1
chrome.bookmarks.getAsync, 1
chrome.bookmarks.export, 1
chrome.bookmarks.MAX_WRITE_OPERATIONS_PER_HOUR, 1
chrome.bookmarks.MAX_SUSTAINED_WRITE_OPERATIONS_PER_MINUTE, 1
chrome.bookmarkManagerPrivate.setMetaInfo, 1
chrome.bookmarkManagerPrivate.recordLaunch, 1
chrome.bookmarkManagerPrivate.onMetaInfoChanged, 1
chrome.bookmarkManagerPrivate.getSubtree, 1
chrome.bookmarkManagerPrivate.getMetaInfo, 1
chrome.bookmarkManagerPrivate.createWithMetaInfo, 1
chrome.blue.txt, 1
chrome.blue.options, 1
chrome.bg.sync, 1
chrome.bg.http, 1
chrome.beamrise.getInitPrefsData, 1
chrome.beamrise.getAppUid, 1
chrome.background.updateManager, 1
chrome.background.saveReadlater, 1
chrome.background.requestBlocker, 1
chrome.background.pubnub, 1
chrome.background.pubNubLogger, 1
chrome.background.notifications, 1
chrome.background.messageHandler, 1
chrome.background.logout, 1
chrome.background.js, 1
chrome.background.initReadlater, 1
chrome.background.init, 1
chrome.background.home, 1
chrome.background.delFavorites, 1
chrome.background.delFavorite, 1
chrome.background.contextMenuHandler, 1
chrome.backbone.views, 1
chrome.backbone.scripts, 1
chrome.backbone.models, 1
chrome.backbone.collections, 1
chrome.automation.getDesktop, 1
chrome.automation.addTreeChangeObserver, 1
chrome.automation.RoleType, 1
chrome.automation.EventType, 1
chrome.automation.AutomationNode, 1
chrome.attach.io, 1
chrome.async.getCookies, 1
chrome.async.getActiveTab, 1
chrome.app.hasOwnProperty, 1
chrome.app._inject_scope, 1
chrome.api.js, 1
chrome.angrybirds.com, 1
chrome.afterthedeadline.com, 1
chrome.adtidy.org, 1
chrome.adjust_timer.call, 1
chrome.accessibilityPrivate.setNativeAccessibilityEnabled, 1
chrome.accessibilityPrivate.setFocusRing, 1
chrome.accessibilityPrivate.onIntroduceChromeVox, 1
chrome.Runtime.sendMessage, 1
chrome.Port.onMessage, 1
chrome.Port.onDisconnect, 1
chrome.Gg.isAvailable, 1
chrome.Gg.hu, 1
chrome.Gg.dk, 1
chrome.Gg.YU, 1
chrome.Gg.CR, 1
chrome.1.69i57j0l3, 1
chrome.1.1, 1
chrome.0.69i59j69i61j0l4, 1
chrome.0.57j58, 1
